nxsld,num
in-addr.arpa,695
redhat.com,263
cuhk.edu.hk,262
verisign-grs.com,255
aliyuncs.com,168
nfscns.com,162
microsoft.com,154
k8s-node,154
centralnic.net,112
darkorb.net,102
postgres,97
k8s-node.localdomain,76
mongodb,75
n5,63
n2,61
n3,61
n6,60
n4,59
n7,58
NFS-162-217,44
com.localdomain,29
hicloud.com,25
ip6.arpa,25
wifi.com,20
example.com,20
careland.com.cn,17
whsmarthome.hwcloudtest.cn,14
torrentino.com,12
tracker.tfile.co,12
moeking.me,12
publictracker.xyz,10
tracker.iriseden.eu,10
gladns.com,9
Pantum-003BFA.lan,9
kite.com,8
qq.com,8
discord.heihachi.pw,8
mercax.com,8
dell-pc,8
wpad.workgroup,8
baidu.com,8
t.keepitpumpin.io,7
localhost,7
localhost.localdomain,7
is.ac.cn,7
6rt.tace.ru,7
zipkin.istio-system,7
mozilla.com,6
zerobytes.xyz,6
rt.tace.ru,6
hpc-2576,6
megvii-inc.com,5
ubuntu.com,5
wpad.lan,5
bjca.org.cn,5
4.40in,4
com.lan,4
t1.leech.ie,4
tracker.0o.is,4
tracker.acg.gg,4
tracker.cypherpunks.ru,4
tracker.ds.is,4
tracker.justseed.it,4
tracker.qt.is,4
icloud.com.cn,4
baofeng.net,4
emule.org.cn,4
mshome.net,3
baidu-int.com,3
tvunderground.org.ru,3
maskvpn.org,3
t2.leech.ie,3
port443.xyz,3
pkgame.com,3
destineegraceboutique.online,2
huynpt.online,2
freehotolelokoito.online,2
ns3.digitalaakashsir.in,2
firstbkpana.online,2
answer076.online,2
diference.online,2
autoshopee.online,2
gameonlineslots.online,2
gallardominimarket.online,2
adryujkogcxsaqaargvxsry.online,2
chaseusers.online,2
chiptan-spk.online,2
answer067.online,2
cltl-4verified.online,2
confirmmetapage-946516.online,2
credit-agreicole.online,2
deliverysr.online,2
deepspacegram.online,2
avito-arendas.online,2
deliverypc.online,2
be-sessie-c3n9amv.online,2
dienstenverzoek.online,2
credbabs.online,2
dlrect-cwbank.online,2
bestgenrator.online,2
anglesupport.online,2
benroliaz.online,2
ohenvzahrade.online,2
dragohosting.online,2
donuts.email,2
capitaltreasury.online,2
panvajicko.online,2
answer099.online,2
casinox200freespin.online,2
answer069.online,2
answer060.online,2
answer075.online,2
answer098.online,2
answer094.online,2
answer062.online,2
allmubasher.online,2
answer063.online,2
answer084.online,2
answer086.online,2
answer066.online,2
answer083.online,2
answer097.online,2
andjluxuryautobrokeragellc.online,2
assistentedevendasshopee.online,2
answer078.online,2
answer096.online,2
answer061.online,2
answer068.online,2
answer090.online,2
answer071.online,2
answer081.online,2
answer091.online,2
answer082.online,2
answer070.online,2
answer085.online,2
bydn139.online,2
answer080.online,2
bydn136.online,2
graysdn.online,2
bydn138.online,2
beachlovers.online,2
spectragroups.online,2
dflook.online,2
scamoccidental.online,2
stackingdeals.online,2
uhone.online,2
upliftlashes.online,2
starcourt.online,2
viagensmundi.online,2
youniquekreationz.online,2
airafrica.online,2
albrycityschools.online,2
ateliemade.online,2
autoconhecimentobr.online,2
cateringcz.online,2
ancorsistema.online,2
chatyprstice.online,2
julho-de-ofertas-ame45.online,2
answer089.online,2
answer092.online,2
dutecnico.online,2
kosikplnyradosti.online,2
mademedia.online,2
specialistenahypoteky.online,2
peoplearepeople.online,2
frolf.online,2
family-business-consulting.online,2
rescuepardubice.online,2
contmx1.online,2
prachitransport.online,2
mucollections.online,2
movingsandartlamp.online,2
answer088.online,2
addisfana.com,2
diyandhowto.com,2
bricksst.com,2
shopwithcres.com,2
chantmachinery.com,2
atlanticdoge.com,2
localhost4,2
localhost4.localdomain4,2
fortnitestacks.com,2
supportubr.com,2
softwareplanetonline.com,2
affiliatewa.com,2
icxstudios.com,2
morrisonhomeimprovement.com,2
chivaco.com,2
internationalcritic.com,2
chase-management.com,2
internationalbff.com,2
agatamoveis.com,2
dwgaddons.com,2
mycentraline.com,2
karuperse.com,2
artzfaces.com,2
ggomedia.com,2
a0892.com,2
clearhearus.com,2
riosampabrasil.com,2
personalaura.com,2
zindella.com,2
baimusduc.com,2
angararestaurant.com,2
kerckaertdigitalmarketing.com,2
evashobby.com,2
summer-c.com,2
ingenprojects.com,2
deathbytechno.com,2
kikeeinternational.com,2
networkpointview.com,2
blisslifeco.com,2
personelsec.com,2
pscnotification.com,2
mh-wholesale.com,2
thepropertystarter.com,2
spierel.com,2
moonmermaidshop.com,2
magicofthebear.com,2
familytreesdna.com,2
euuropcar.com,2
googlmusercontent.com,2
careerstubes.com,2
everythinggourds.com,2
practiccefusion.com,2
obarural.com,2
zaitroxane.com,2
fortnitron.com,2
bandcame.com,2
qatarairwaysnumber.com,2
altyaronline.com,2
help4coaches.com,2
allenboutique.com,2
smacsecurity.com,2
gropmg.com,2
fantasticxml.com,2
peesonalcapital.com,2
bijouxdesiles.com,2
onlineshoppharma.com,2
azuredomainlabs.com,2
delmatechnologies.com,2
bremeninternational.com,2
designerlewks.com,2
iconathletes.com,2
yinemeterwemec.com,2
asus-ru.com,2
morphysmarket.com,2
gardenofsurgery.com,2
thebeautyloungee.com,2
supportgoogl.com,2
windowrays.com,2
lifestylethc.com,2
tomsriverpainters.com,2
laruelconstruction.com,2
stephanietost.com,2
cxpapp.com,2
lovenesttreeservice.com,2
paelclothing.com,2
aktifisika.com,2
dreamsgime.com,2
rahasiapriadewasa.com,2
communityket.com,2
qaqgame.com,2
tendawifi.com,2
grs.dbankcloud.eu,2
p4p.arenby.ch,2
shadowshq.eddie4.nl,2
yify-torrents.com,2
nitrix.me,2
retracker.netbynet.ru,2
itv-so.openspeech.cn,2
cn.DHCP,2
maxhub.vip,2
appx-ng,2
yapi-mongo,2
spengler302.com,2
tawnysanabrialmft.com,2
pmanzone.com,2
hiyeshello.com,2
practicalcreativitybook.com,2
holiday-fields.com,2
bangdistribution.com,2
jetaime-ky-us.com,2
shopjunglejewelry.com,2
littlebotthatcould.com,2
sonsoftonatiuh.com,2
boyancy.com,2
beddoephotography.com,2
porcelanmusic.com,2
earthlydelightskzoo.com,2
biswasfurniture.com,2
vartbi.com,2
music-ability.com,2
stormallstarcheerleading.com,2
myfastconnect.com,2
mymorningzen.com,2
volusiacharitableclinic.com,2
kaomana.com,2
centrocristalrd.com,2
georgevlazakislaw.com,2
katieradketoren.com,2
evanharrisphoto.com,2
confeccionesdonlucho.com,2
bioecosmetic.com,2
sashandstile.com,2
foramomentportrait.com,2
bioecosmetics.com,2
comfortbaking.com,2
jrajkovichdesign.com,2
mediumsabrina.com,2
smfholding.com,2
crownandbridgedental.com,2
126zj.com,2
threadifyapp.com,2
fat-gear.com,2
prodigy-products.com,2
zjxintai.com,2
bysarak.com,2
hudsondaycarecenter.com,2
aleapparelforacause.com,2
hnj7.com,2
qhw1.com,2
alittledreamband.com,2
docentstylist.com,2
ablaxland.com,2
injen2017.com,2
crmogi.com,2
gotuta.com,2
hfconsultoria.com,2
firefliesandothermagic.com,2
canyoncal.com,2
josspaperfactory.com,2
rebosz.com,2
omgilovethatplace.com,2
butade.com,2
autoricambistadio.com,2
xpj55585.com,2
bigdaybands.com,2
xpj55575.com,2
suidis.com,2
matrimonioprovenzale.com,2
dota2a.com,2
justrightwatch.com,2
ssdzk.com,2
yydfyx.com,2
blindsidesport.com,2
xibudaocaoren.com,2
allisonbjenkins.com,2
zjkchs.com,2
heyheystellarae.com,2
lltechinternational.com,2
mswjm.com,2
aladw.com,2
jerrykelley.com,2
letterariaonline.com,2
computrainservices.com,2
sivinedu.com,2
musekman.com,2
alfaprostata.com,2
leaned-train.com,2
ladiesofopinion.com,2
custops.com,2
nativetribeandco.com,2
fyre-media.com,2
soukatan.com,2
gsjrkgjt.com,2
prettymakerstudio.com,2
bouclothing.com,2
bibliothequetivierge.com,2
yunbaoge.com,2
pangea-financial.com,2
tempestairbuffalo.com,2
znt7.com,2
banberrydesign.com,2
airealphotographyllc.com,2
hotgirlmovie.com,2
myrelaxationtherapy.com,2
care-scouts.com,2
cskengraving.com,2
sheistailored.com,2
goamericanenergy.com,2
boaspirit.com,2
tomscaffe.com,2
baofeng.com,2
dfafire.com,2
elsabordemicocina.com,2
mhf5.com,2
hct5.com,2
latentfitness.com,2
csnextla.com,2
xinjuewu.com,2
tortonastreetbasket.com,2
esteticadisegnale.com,2
valensinternational.com,2
cervezaole.com,2
rahjob.com,2
michael-geo.com,2
xheys.com,2
affordablechurchauditing.com,2
zoewiggins.com,2
mausoleumclothing.com,2
zmakemoney.com,2
timgrewcock.com,2
royalpasha.com,2
anchors-sunglasses.com,2
mezzadose.com,2
se39,2
baidupcs.com,2
reuters.net,2
cloudapp.net,2
cnuninet.net,2
thesoulojourneyer.com,1
bina2construction.com,1
binmsclll.com,1
binanchediyeler.com,1
exchangedex.online,1
future-parkour.online,1
firmlogisticsfixed.online,1
answer095.online,1
chaveirorapidosp24h.online,1
21081.online,1
davimikys.online,1
beatymother.online,1
dicasdahora.online,1
duthianh-edu.online,1
activatesecuritykey.online,1
dollmania.online,1
dnpizzas.online,1
ostravskysikula.online,1
dgmdigitalsolucgrafic.online,1
50gb048.online,1
50gb054.online,1
alertdesecurity.online,1
50gb079.online,1
emmettandjane.net,1
answer073.online,1
answer072.online,1
hostinger.com,1
genuinewellness.online,1
answer064.online,1
answer087.online,1
answer065.online,1
atbcanada.online,1
50gb056.online,1
answer077.online,1
au-session-h9vna4.online,1
bydn129.online,1
bistrounamornika.online,1
campanhaemponntos.online,1
chatadiana.online,1
biofeedbacklocal.online,1
answer079.online,1
50gb037.online,1
maniadebolo.online,1
roll-a-ramp.online,1
minha-compra-segura-ofertas.online,1
sikland.online,1
triumph-ostrava.online,1
answer074.online,1
wickedgameroutlet.online,1
truhlarstvibarny.online,1
infernomap.com,1
shoppycomp.com,1
washingtonseries.com,1
welcomew.com,1
equiqu.com,1
mortgagesreview.com,1
tcrplatform.com,1
shortx2.com,1
intdoit.com,1
affordable5g.com,1
getvainsurance.com,1
loc1-caixabank.com,1
destekekip.com,1
richdivi.com,1
frsttennessee.com,1
briebearinternational.com,1
drakorgo.com,1
monagard.com,1
villagemx.com,1
americanpartyfm.com,1
x-rcs.com,1
npegeek.com,1
wpad.DHCP HOST,1
blank,1
ksmobile.net,1
woodstocktel.net,1
net.localdomain,1
miwifi.com,1
vpn.maskvpn.cc,1
verisign.com,1
hhrspb7.top,1
appx,1
oaid.wocloud.cn,1
piwik.pro,1
writing-all-kinds.com,1
jessiemash.com,1
kieranrookart.com,1
ecomtelglobal.com,1
woodendprovidore.com,1
woodendwagyu.com,1
godoozle.com,1
katedessinger.com,1
ashleighjsmith.com,1
hmomillionaire.com,1
chillloverradio.com,1
vacationsbyvikingtravel.com,1
rivercityplumbinginc.com,1
damzeladrift.com,1
dicasdeinvestimentoimobiliario.com,1
northernlightscollective.com,1
pershingbaby01.com,1
utkalaadance.com,1
dfnfans.com,1
ryydee.com,1
teeappeal.com,1
happyandsour.com,1
heidiaviation.com,1
gthxkj.com,1
hnzx66.com,1
xn--fiqs8sn5aqrk71c2kjpxn44v.com,1
kzl5.com,1
xpj55525.com,1
abcdcomputerspete.com,1
amikshacraft.com,1
lindhousein.com,1
malcolmscloset.com,1
incubapackeasy.com,1
honeyourbrand.com,1
yuumico.com,1
clamusements.com,1
proteophoto.com,1
gsjkjtgs.com,1
relevantgift.com,1
luxerya.com,1
entertainmentfreight.com,1
yanasimone.com,1
thegodmovies.com,1
bz1698.com,1
babychiken.com,1
hoenb.com,1
rv7loc67.verify.hn,1
sxyy-nj.com,1
studiokazanlak.com,1
kristinkuehn.com,1
longxiaofang.com,1
warefunited.com,1
whnydl.com,1
dgkrushari.com,1
happenstancebrewery.com,1
hbnydl.com,1
seohan-daegok2.com,1
resolver.arpa,1
qqvoice.com,1
cloud.zoom.us,1
id.tianya.cn,1
sina.com.cn,1
